{"cameraMode":{"drawMode":0,"name":"Shaded","section":"Shading Mode"},"sceneLighting":true,"audioPlay":false,"sceneViewState":{"m_AlwaysRefresh":false,"showFog":true,"showSkybox":true,"showFlares":true,"showImageEffects":true,"showParticleSystems":true,"showVisualEffectGraphs":true,"m_FxEnabled":true},"in2DMode":false,"pivot":{"x":1.7087981700897217,"y":-0.15727019309997559,"z":-32.27273178100586},"rotation":{"x":0.061267029494047168,"y":0.7244827151298523,"z":-0.06493931263685227,"w":0.6834968328475952},"size":2.1873412132263185,"orthographic":false}