{"cameraMode":{"drawMode":0,"name":"Shaded","section":"Shading Mode"},"sceneLighting":true,"audioPlay":false,"sceneViewState":{"m_AlwaysRefresh":false,"showFog":true,"showSkybox":true,"showFlares":true,"showImageEffects":true,"showParticleSystems":true,"showVisualEffectGraphs":true,"m_FxEnabled":true},"in2DMode":false,"pivot":{"x":14.381232261657715,"y":-13.184776306152344,"z":-17.155120849609376},"rotation":{"x":0.4531900882720947,"y":-0.01337032113224268,"z":0.006798361893743277,"w":0.8912879228591919},"size":17.531597137451173,"orthographic":false}